[{"id":"user-image-676851653_preview_gta5_ymCHxtv5.jpg","publicUrl":"np://user.desktop.nicepage.com/Site_368302340/images/676851653_preview_gta5_ymCHxtv5.jpg","size":1458589,"hash":"b5EMws2sIZpf3GEjjDbpIhm5Ts8=","fileName":"676851653_preview_gta5_ymCHxtv5.jpg","name":"676851653_preview_gta5_ymCHxtv5","width":2560,"height":1600,"thumbnail":{"url":"np://user.desktop.nicepage.com/Site_368302340/images/thumbnails/676851653_preview_gta5_ymCHxtv5.jpg","width":250,"height":156},"folderId":null,"usages":["product:4"]},{"id":"user-image-hqdefault.jpg","publicUrl":"np://user.desktop.nicepage.com/Site_368302340/images/hqdefault.jpg","size":29601,"hash":"0LjwZG3nAH40iWBFRCk+rjzURq8=","fileName":"hqdefault.jpg","name":"hqdefault","width":480,"height":360,"thumbnail":{"url":"np://user.desktop.nicepage.com/Site_368302340/images/thumbnails/hqdefault.jpg","width":250,"height":188},"folderId":null,"usages":["product:1"]},{"id":"user-image-photo-1725273553893-4929ad316d09.jpeg","publicUrl":"np://user.desktop.nicepage.com/Site_368302340/images/photo-1725273553893-4929ad316d09.jpeg","size":109521,"hash":"WradF5KrGWEtWxa0Rz12FMGC8nA=","fileName":"photo-1725273553893-4929ad316d09.jpeg","name":"photo-1725273553893-4929ad316d09","width":1080,"height":719,"thumbnail":{"url":"np://user.desktop.nicepage.com/Site_368302340/images/thumbnails/photo-1725273553893-4929ad316d09.jpeg","width":250,"height":166},"folderId":null,"usages":["product:6"]},{"id":"user-image-148730.png","publicUrl":"np://user.desktop.nicepage.com/Site_368302340/images/148730.png","size":1530,"hash":"qKjZpuVXYZl0NvmaqrxWchBYVi8=","fileName":"148730.png","name":"148730","width":128,"height":128,"thumbnail":{"url":"np://user.desktop.nicepage.com/Site_368302340/images/thumbnails/148730.png","width":128,"height":128,"length":1530,"type":"png"},"folderId":null,"usages":["392600499"]},{"id":"user-image-pexels-photo-3165335.jpeg","publicUrl":"np://user.desktop.nicepage.com/Site_368302340/images/pexels-photo-3165335.jpeg","size":426504,"hash":"VcWvIPJ5WwbSViLTBAyRqHanRuw=","fileName":"pexels-photo-3165335.jpeg","name":"pexels-photo-3165335","width":2000,"height":1500,"thumbnail":{"url":"np://user.desktop.nicepage.com/Site_368302340/images/thumbnails/pexels-photo-3165335.jpeg","width":250,"height":188},"folderId":null,"originalUrl":"//images01.nicepage.com/a1389d7bc73adea1e1c1fb7e/58f3274013795b85acaee50d/pexels-photo-3165335.jpeg","usages":["2086305268"]}]